Category,Target,Issue / Count,Suggestion
값 완전성,Measurement_No,결측 1 / 100,"해당 컬럼의 결측값을 적절한 값으로 채우거나, 불필요한 행은 제거하는 것을 고려하세요."
값 완전성,Chemical,결측 1 / 100,"해당 컬럼의 결측값을 적절한 값으로 채우거나, 불필요한 행은 제거하는 것을 고려하세요."
값 완전성,Background,결측 1 / 100,"해당 컬럼의 결측값을 적절한 값으로 채우거나, 불필요한 행은 제거하는 것을 고려하세요."
값 완전성,Temperature_C,결측 1 / 100,"해당 컬럼의 결측값을 적절한 값으로 채우거나, 불필요한 행은 제거하는 것을 고려하세요."
값 완전성,WN_640,결측 7 / 100,"해당 컬럼의 결측값을 적절한 값으로 채우거나, 불필요한 행은 제거하는 것을 고려하세요."
값 완전성,WN_642,결측 7 / 100,"해당 컬럼의 결측값을 적절한 값으로 채우거나, 불필요한 행은 제거하는 것을 고려하세요."
값 완전성,WN_644,결측 3 / 100,"해당 컬럼의 결측값을 적절한 값으로 채우거나, 불필요한 행은 제거하는 것을 고려하세요."
값 완전성,WN_646,결측 1 / 100,"해당 컬럼의 결측값을 적절한 값으로 채우거나, 불필요한 행은 제거하는 것을 고려하세요."
값 완전성,WN_648,결측 2 / 100,"해당 컬럼의 결측값을 적절한 값으로 채우거나, 불필요한 행은 제거하는 것을 고려하세요."
값 완전성,WN_650,결측 1 / 100,"해당 컬럼의 결측값을 적절한 값으로 채우거나, 불필요한 행은 제거하는 것을 고려하세요."
값 완전성,WN_652,결측 1 / 100,"해당 컬럼의 결측값을 적절한 값으로 채우거나, 불필요한 행은 제거하는 것을 고려하세요."
값 완전성,WN_654,결측 2 / 100,"해당 컬럼의 결측값을 적절한 값으로 채우거나, 불필요한 행은 제거하는 것을 고려하세요."
값 완전성,WN_656,결측 3 / 100,"해당 컬럼의 결측값을 적절한 값으로 채우거나, 불필요한 행은 제거하는 것을 고려하세요."
값 완전성,WN_658,결측 1 / 100,"해당 컬럼의 결측값을 적절한 값으로 채우거나, 불필요한 행은 제거하는 것을 고려하세요."
값 완전성,WN_660,결측 1 / 100,"해당 컬럼의 결측값을 적절한 값으로 채우거나, 불필요한 행은 제거하는 것을 고려하세요."
값 완전성,WN_662,결측 1 / 100,"해당 컬럼의 결측값을 적절한 값으로 채우거나, 불필요한 행은 제거하는 것을 고려하세요."
값 완전성,WN_664,결측 1 / 100,"해당 컬럼의 결측값을 적절한 값으로 채우거나, 불필요한 행은 제거하는 것을 고려하세요."
값 완전성,WN_666,결측 3 / 100,"해당 컬럼의 결측값을 적절한 값으로 채우거나, 불필요한 행은 제거하는 것을 고려하세요."
값 완전성,WN_668,결측 1 / 100,"해당 컬럼의 결측값을 적절한 값으로 채우거나, 불필요한 행은 제거하는 것을 고려하세요."
값 완전성,WN_670,결측 2 / 100,"해당 컬럼의 결측값을 적절한 값으로 채우거나, 불필요한 행은 제거하는 것을 고려하세요."
값 완전성,WN_672,결측 2 / 100,"해당 컬럼의 결측값을 적절한 값으로 채우거나, 불필요한 행은 제거하는 것을 고려하세요."
값 완전성,WN_674,결측 2 / 100,"해당 컬럼의 결측값을 적절한 값으로 채우거나, 불필요한 행은 제거하는 것을 고려하세요."
값 완전성,WN_676,결측 2 / 100,"해당 컬럼의 결측값을 적절한 값으로 채우거나, 불필요한 행은 제거하는 것을 고려하세요."
값 완전성,WN_678,결측 1 / 100,"해당 컬럼의 결측값을 적절한 값으로 채우거나, 불필요한 행은 제거하는 것을 고려하세요."
값 완전성,WN_680,결측 2 / 100,"해당 컬럼의 결측값을 적절한 값으로 채우거나, 불필요한 행은 제거하는 것을 고려하세요."
값 완전성,WN_682,결측 1 / 100,"해당 컬럼의 결측값을 적절한 값으로 채우거나, 불필요한 행은 제거하는 것을 고려하세요."
값 완전성,WN_684,결측 2 / 100,"해당 컬럼의 결측값을 적절한 값으로 채우거나, 불필요한 행은 제거하는 것을 고려하세요."
값 완전성,WN_686,결측 1 / 100,"해당 컬럼의 결측값을 적절한 값으로 채우거나, 불필요한 행은 제거하는 것을 고려하세요."
값 완전성,WN_688,결측 1 / 100,"해당 컬럼의 결측값을 적절한 값으로 채우거나, 불필요한 행은 제거하는 것을 고려하세요."
값 완전성,WN_690,결측 1 / 100,"해당 컬럼의 결측값을 적절한 값으로 채우거나, 불필요한 행은 제거하는 것을 고려하세요."
값 완전성,WN_692,결측 1 / 100,"해당 컬럼의 결측값을 적절한 값으로 채우거나, 불필요한 행은 제거하는 것을 고려하세요."
값 완전성,WN_694,결측 1 / 100,"해당 컬럼의 결측값을 적절한 값으로 채우거나, 불필요한 행은 제거하는 것을 고려하세요."
값 완전성,WN_696,결측 1 / 100,"해당 컬럼의 결측값을 적절한 값으로 채우거나, 불필요한 행은 제거하는 것을 고려하세요."
값 완전성,WN_698,결측 1 / 100,"해당 컬럼의 결측값을 적절한 값으로 채우거나, 불필요한 행은 제거하는 것을 고려하세요."
값 완전성,WN_700,결측 1 / 100,"해당 컬럼의 결측값을 적절한 값으로 채우거나, 불필요한 행은 제거하는 것을 고려하세요."
값 완전성,WN_702,결측 1 / 100,"해당 컬럼의 결측값을 적절한 값으로 채우거나, 불필요한 행은 제거하는 것을 고려하세요."
값 완전성,WN_704,결측 1 / 100,"해당 컬럼의 결측값을 적절한 값으로 채우거나, 불필요한 행은 제거하는 것을 고려하세요."
값 완전성,WN_706,결측 1 / 100,"해당 컬럼의 결측값을 적절한 값으로 채우거나, 불필요한 행은 제거하는 것을 고려하세요."
값 완전성,WN_708,결측 1 / 100,"해당 컬럼의 결측값을 적절한 값으로 채우거나, 불필요한 행은 제거하는 것을 고려하세요."
값 완전성,WN_710,결측 1 / 100,"해당 컬럼의 결측값을 적절한 값으로 채우거나, 불필요한 행은 제거하는 것을 고려하세요."
값 완전성,WN_712,결측 1 / 100,"해당 컬럼의 결측값을 적절한 값으로 채우거나, 불필요한 행은 제거하는 것을 고려하세요."
값 완전성,WN_714,결측 1 / 100,"해당 컬럼의 결측값을 적절한 값으로 채우거나, 불필요한 행은 제거하는 것을 고려하세요."
값 완전성,WN_716,결측 1 / 100,"해당 컬럼의 결측값을 적절한 값으로 채우거나, 불필요한 행은 제거하는 것을 고려하세요."
값 완전성,WN_718,결측 1 / 100,"해당 컬럼의 결측값을 적절한 값으로 채우거나, 불필요한 행은 제거하는 것을 고려하세요."
값 완전성,WN_720,결측 1 / 100,"해당 컬럼의 결측값을 적절한 값으로 채우거나, 불필요한 행은 제거하는 것을 고려하세요."
값 완전성,WN_722,결측 1 / 100,"해당 컬럼의 결측값을 적절한 값으로 채우거나, 불필요한 행은 제거하는 것을 고려하세요."
값 완전성,WN_724,결측 1 / 100,"해당 컬럼의 결측값을 적절한 값으로 채우거나, 불필요한 행은 제거하는 것을 고려하세요."
값 완전성,WN_726,결측 1 / 100,"해당 컬럼의 결측값을 적절한 값으로 채우거나, 불필요한 행은 제거하는 것을 고려하세요."
값 완전성,WN_728,결측 1 / 100,"해당 컬럼의 결측값을 적절한 값으로 채우거나, 불필요한 행은 제거하는 것을 고려하세요."
값 완전성,WN_730,결측 1 / 100,"해당 컬럼의 결측값을 적절한 값으로 채우거나, 불필요한 행은 제거하는 것을 고려하세요."
값 완전성,WN_732,결측 1 / 100,"해당 컬럼의 결측값을 적절한 값으로 채우거나, 불필요한 행은 제거하는 것을 고려하세요."
값 완전성,WN_734,결측 1 / 100,"해당 컬럼의 결측값을 적절한 값으로 채우거나, 불필요한 행은 제거하는 것을 고려하세요."
값 완전성,WN_736,결측 1 / 100,"해당 컬럼의 결측값을 적절한 값으로 채우거나, 불필요한 행은 제거하는 것을 고려하세요."
값 완전성,WN_738,결측 1 / 100,"해당 컬럼의 결측값을 적절한 값으로 채우거나, 불필요한 행은 제거하는 것을 고려하세요."
값 완전성,WN_740,결측 1 / 100,"해당 컬럼의 결측값을 적절한 값으로 채우거나, 불필요한 행은 제거하는 것을 고려하세요."
값 완전성,WN_742,결측 1 / 100,"해당 컬럼의 결측값을 적절한 값으로 채우거나, 불필요한 행은 제거하는 것을 고려하세요."
값 완전성,WN_744,결측 1 / 100,"해당 컬럼의 결측값을 적절한 값으로 채우거나, 불필요한 행은 제거하는 것을 고려하세요."
값 완전성,WN_746,결측 1 / 100,"해당 컬럼의 결측값을 적절한 값으로 채우거나, 불필요한 행은 제거하는 것을 고려하세요."
값 완전성,WN_748,결측 1 / 100,"해당 컬럼의 결측값을 적절한 값으로 채우거나, 불필요한 행은 제거하는 것을 고려하세요."
값 완전성,WN_750,결측 1 / 100,"해당 컬럼의 결측값을 적절한 값으로 채우거나, 불필요한 행은 제거하는 것을 고려하세요."
값 완전성,WN_752,결측 1 / 100,"해당 컬럼의 결측값을 적절한 값으로 채우거나, 불필요한 행은 제거하는 것을 고려하세요."
값 완전성,WN_754,결측 1 / 100,"해당 컬럼의 결측값을 적절한 값으로 채우거나, 불필요한 행은 제거하는 것을 고려하세요."
값 완전성,WN_756,결측 1 / 100,"해당 컬럼의 결측값을 적절한 값으로 채우거나, 불필요한 행은 제거하는 것을 고려하세요."
값 완전성,WN_758,결측 1 / 100,"해당 컬럼의 결측값을 적절한 값으로 채우거나, 불필요한 행은 제거하는 것을 고려하세요."
값 완전성,WN_760,결측 1 / 100,"해당 컬럼의 결측값을 적절한 값으로 채우거나, 불필요한 행은 제거하는 것을 고려하세요."
값 완전성,WN_762,결측 1 / 100,"해당 컬럼의 결측값을 적절한 값으로 채우거나, 불필요한 행은 제거하는 것을 고려하세요."
값 완전성,WN_764,결측 1 / 100,"해당 컬럼의 결측값을 적절한 값으로 채우거나, 불필요한 행은 제거하는 것을 고려하세요."
값 완전성,WN_766,결측 1 / 100,"해당 컬럼의 결측값을 적절한 값으로 채우거나, 불필요한 행은 제거하는 것을 고려하세요."
값 완전성,WN_768,결측 1 / 100,"해당 컬럼의 결측값을 적절한 값으로 채우거나, 불필요한 행은 제거하는 것을 고려하세요."
값 완전성,WN_770,결측 1 / 100,"해당 컬럼의 결측값을 적절한 값으로 채우거나, 불필요한 행은 제거하는 것을 고려하세요."
값 완전성,WN_772,결측 1 / 100,"해당 컬럼의 결측값을 적절한 값으로 채우거나, 불필요한 행은 제거하는 것을 고려하세요."
값 완전성,WN_774,결측 1 / 100,"해당 컬럼의 결측값을 적절한 값으로 채우거나, 불필요한 행은 제거하는 것을 고려하세요."
값 완전성,WN_776,결측 1 / 100,"해당 컬럼의 결측값을 적절한 값으로 채우거나, 불필요한 행은 제거하는 것을 고려하세요."
값 완전성,WN_778,결측 1 / 100,"해당 컬럼의 결측값을 적절한 값으로 채우거나, 불필요한 행은 제거하는 것을 고려하세요."
값 완전성,WN_780,결측 1 / 100,"해당 컬럼의 결측값을 적절한 값으로 채우거나, 불필요한 행은 제거하는 것을 고려하세요."
값 완전성,WN_782,결측 1 / 100,"해당 컬럼의 결측값을 적절한 값으로 채우거나, 불필요한 행은 제거하는 것을 고려하세요."
값 완전성,WN_784,결측 1 / 100,"해당 컬럼의 결측값을 적절한 값으로 채우거나, 불필요한 행은 제거하는 것을 고려하세요."
값 완전성,WN_786,결측 1 / 100,"해당 컬럼의 결측값을 적절한 값으로 채우거나, 불필요한 행은 제거하는 것을 고려하세요."
값 완전성,WN_788,결측 1 / 100,"해당 컬럼의 결측값을 적절한 값으로 채우거나, 불필요한 행은 제거하는 것을 고려하세요."
값 완전성,WN_790,결측 1 / 100,"해당 컬럼의 결측값을 적절한 값으로 채우거나, 불필요한 행은 제거하는 것을 고려하세요."
값 완전성,WN_792,결측 1 / 100,"해당 컬럼의 결측값을 적절한 값으로 채우거나, 불필요한 행은 제거하는 것을 고려하세요."
값 완전성,WN_794,결측 1 / 100,"해당 컬럼의 결측값을 적절한 값으로 채우거나, 불필요한 행은 제거하는 것을 고려하세요."
값 완전성,WN_796,결측 1 / 100,"해당 컬럼의 결측값을 적절한 값으로 채우거나, 불필요한 행은 제거하는 것을 고려하세요."
값 완전성,WN_798,결측 1 / 100,"해당 컬럼의 결측값을 적절한 값으로 채우거나, 불필요한 행은 제거하는 것을 고려하세요."
값 완전성,WN_800,결측 1 / 100,"해당 컬럼의 결측값을 적절한 값으로 채우거나, 불필요한 행은 제거하는 것을 고려하세요."
값 완전성,WN_802,결측 1 / 100,"해당 컬럼의 결측값을 적절한 값으로 채우거나, 불필요한 행은 제거하는 것을 고려하세요."
값 완전성,WN_804,결측 1 / 100,"해당 컬럼의 결측값을 적절한 값으로 채우거나, 불필요한 행은 제거하는 것을 고려하세요."
값 완전성,WN_806,결측 1 / 100,"해당 컬럼의 결측값을 적절한 값으로 채우거나, 불필요한 행은 제거하는 것을 고려하세요."
값 완전성,WN_808,결측 1 / 100,"해당 컬럼의 결측값을 적절한 값으로 채우거나, 불필요한 행은 제거하는 것을 고려하세요."
값 완전성,WN_810,결측 1 / 100,"해당 컬럼의 결측값을 적절한 값으로 채우거나, 불필요한 행은 제거하는 것을 고려하세요."
값 완전성,WN_812,결측 1 / 100,"해당 컬럼의 결측값을 적절한 값으로 채우거나, 불필요한 행은 제거하는 것을 고려하세요."
값 완전성,WN_814,결측 1 / 100,"해당 컬럼의 결측값을 적절한 값으로 채우거나, 불필요한 행은 제거하는 것을 고려하세요."
값 완전성,WN_816,결측 1 / 100,"해당 컬럼의 결측값을 적절한 값으로 채우거나, 불필요한 행은 제거하는 것을 고려하세요."
값 완전성,WN_818,결측 1 / 100,"해당 컬럼의 결측값을 적절한 값으로 채우거나, 불필요한 행은 제거하는 것을 고려하세요."
값 완전성,WN_820,결측 1 / 100,"해당 컬럼의 결측값을 적절한 값으로 채우거나, 불필요한 행은 제거하는 것을 고려하세요."
값 완전성,WN_822,결측 1 / 100,"해당 컬럼의 결측값을 적절한 값으로 채우거나, 불필요한 행은 제거하는 것을 고려하세요."
값 완전성,WN_824,결측 1 / 100,"해당 컬럼의 결측값을 적절한 값으로 채우거나, 불필요한 행은 제거하는 것을 고려하세요."
값 완전성,WN_826,결측 1 / 100,"해당 컬럼의 결측값을 적절한 값으로 채우거나, 불필요한 행은 제거하는 것을 고려하세요."
값 완전성,WN_828,결측 1 / 100,"해당 컬럼의 결측값을 적절한 값으로 채우거나, 불필요한 행은 제거하는 것을 고려하세요."
값 완전성,WN_830,결측 1 / 100,"해당 컬럼의 결측값을 적절한 값으로 채우거나, 불필요한 행은 제거하는 것을 고려하세요."
값 완전성,WN_832,결측 1 / 100,"해당 컬럼의 결측값을 적절한 값으로 채우거나, 불필요한 행은 제거하는 것을 고려하세요."
값 완전성,WN_834,결측 1 / 100,"해당 컬럼의 결측값을 적절한 값으로 채우거나, 불필요한 행은 제거하는 것을 고려하세요."
값 완전성,WN_836,결측 1 / 100,"해당 컬럼의 결측값을 적절한 값으로 채우거나, 불필요한 행은 제거하는 것을 고려하세요."
값 완전성,WN_838,결측 1 / 100,"해당 컬럼의 결측값을 적절한 값으로 채우거나, 불필요한 행은 제거하는 것을 고려하세요."
값 완전성,WN_840,결측 1 / 100,"해당 컬럼의 결측값을 적절한 값으로 채우거나, 불필요한 행은 제거하는 것을 고려하세요."
값 완전성,WN_842,결측 1 / 100,"해당 컬럼의 결측값을 적절한 값으로 채우거나, 불필요한 행은 제거하는 것을 고려하세요."
값 완전성,WN_844,결측 1 / 100,"해당 컬럼의 결측값을 적절한 값으로 채우거나, 불필요한 행은 제거하는 것을 고려하세요."
값 완전성,WN_846,결측 1 / 100,"해당 컬럼의 결측값을 적절한 값으로 채우거나, 불필요한 행은 제거하는 것을 고려하세요."
값 완전성,WN_848,결측 1 / 100,"해당 컬럼의 결측값을 적절한 값으로 채우거나, 불필요한 행은 제거하는 것을 고려하세요."
값 완전성,WN_850,결측 1 / 100,"해당 컬럼의 결측값을 적절한 값으로 채우거나, 불필요한 행은 제거하는 것을 고려하세요."
값 완전성,WN_852,결측 1 / 100,"해당 컬럼의 결측값을 적절한 값으로 채우거나, 불필요한 행은 제거하는 것을 고려하세요."
값 완전성,WN_854,결측 1 / 100,"해당 컬럼의 결측값을 적절한 값으로 채우거나, 불필요한 행은 제거하는 것을 고려하세요."
값 완전성,WN_856,결측 1 / 100,"해당 컬럼의 결측값을 적절한 값으로 채우거나, 불필요한 행은 제거하는 것을 고려하세요."
값 완전성,WN_858,결측 1 / 100,"해당 컬럼의 결측값을 적절한 값으로 채우거나, 불필요한 행은 제거하는 것을 고려하세요."
값 완전성,WN_860,결측 1 / 100,"해당 컬럼의 결측값을 적절한 값으로 채우거나, 불필요한 행은 제거하는 것을 고려하세요."
값 완전성,WN_862,결측 1 / 100,"해당 컬럼의 결측값을 적절한 값으로 채우거나, 불필요한 행은 제거하는 것을 고려하세요."
값 완전성,WN_864,결측 1 / 100,"해당 컬럼의 결측값을 적절한 값으로 채우거나, 불필요한 행은 제거하는 것을 고려하세요."
값 완전성,WN_866,결측 1 / 100,"해당 컬럼의 결측값을 적절한 값으로 채우거나, 불필요한 행은 제거하는 것을 고려하세요."
값 완전성,WN_868,결측 1 / 100,"해당 컬럼의 결측값을 적절한 값으로 채우거나, 불필요한 행은 제거하는 것을 고려하세요."
값 완전성,WN_870,결측 1 / 100,"해당 컬럼의 결측값을 적절한 값으로 채우거나, 불필요한 행은 제거하는 것을 고려하세요."
값 완전성,WN_872,결측 1 / 100,"해당 컬럼의 결측값을 적절한 값으로 채우거나, 불필요한 행은 제거하는 것을 고려하세요."
값 완전성,WN_874,결측 1 / 100,"해당 컬럼의 결측값을 적절한 값으로 채우거나, 불필요한 행은 제거하는 것을 고려하세요."
값 완전성,WN_876,결측 1 / 100,"해당 컬럼의 결측값을 적절한 값으로 채우거나, 불필요한 행은 제거하는 것을 고려하세요."
값 완전성,WN_878,결측 1 / 100,"해당 컬럼의 결측값을 적절한 값으로 채우거나, 불필요한 행은 제거하는 것을 고려하세요."
값 완전성,WN_880,결측 1 / 100,"해당 컬럼의 결측값을 적절한 값으로 채우거나, 불필요한 행은 제거하는 것을 고려하세요."
값 완전성,WN_882,결측 1 / 100,"해당 컬럼의 결측값을 적절한 값으로 채우거나, 불필요한 행은 제거하는 것을 고려하세요."
값 완전성,WN_884,결측 1 / 100,"해당 컬럼의 결측값을 적절한 값으로 채우거나, 불필요한 행은 제거하는 것을 고려하세요."
값 완전성,WN_886,결측 1 / 100,"해당 컬럼의 결측값을 적절한 값으로 채우거나, 불필요한 행은 제거하는 것을 고려하세요."
값 완전성,WN_888,결측 1 / 100,"해당 컬럼의 결측값을 적절한 값으로 채우거나, 불필요한 행은 제거하는 것을 고려하세요."
값 완전성,WN_890,결측 1 / 100,"해당 컬럼의 결측값을 적절한 값으로 채우거나, 불필요한 행은 제거하는 것을 고려하세요."
값 완전성,WN_892,결측 1 / 100,"해당 컬럼의 결측값을 적절한 값으로 채우거나, 불필요한 행은 제거하는 것을 고려하세요."
값 완전성,WN_894,결측 1 / 100,"해당 컬럼의 결측값을 적절한 값으로 채우거나, 불필요한 행은 제거하는 것을 고려하세요."
값 완전성,WN_896,결측 1 / 100,"해당 컬럼의 결측값을 적절한 값으로 채우거나, 불필요한 행은 제거하는 것을 고려하세요."
값 완전성,WN_898,결측 1 / 100,"해당 컬럼의 결측값을 적절한 값으로 채우거나, 불필요한 행은 제거하는 것을 고려하세요."
값 완전성,WN_900,결측 1 / 100,"해당 컬럼의 결측값을 적절한 값으로 채우거나, 불필요한 행은 제거하는 것을 고려하세요."
값 완전성,WN_902,결측 1 / 100,"해당 컬럼의 결측값을 적절한 값으로 채우거나, 불필요한 행은 제거하는 것을 고려하세요."
값 완전성,WN_904,결측 1 / 100,"해당 컬럼의 결측값을 적절한 값으로 채우거나, 불필요한 행은 제거하는 것을 고려하세요."
값 완전성,WN_906,결측 1 / 100,"해당 컬럼의 결측값을 적절한 값으로 채우거나, 불필요한 행은 제거하는 것을 고려하세요."
값 완전성,WN_908,결측 1 / 100,"해당 컬럼의 결측값을 적절한 값으로 채우거나, 불필요한 행은 제거하는 것을 고려하세요."
값 완전성,WN_910,결측 1 / 100,"해당 컬럼의 결측값을 적절한 값으로 채우거나, 불필요한 행은 제거하는 것을 고려하세요."
값 완전성,WN_912,결측 1 / 100,"해당 컬럼의 결측값을 적절한 값으로 채우거나, 불필요한 행은 제거하는 것을 고려하세요."
값 완전성,WN_914,결측 1 / 100,"해당 컬럼의 결측값을 적절한 값으로 채우거나, 불필요한 행은 제거하는 것을 고려하세요."
값 완전성,WN_916,결측 1 / 100,"해당 컬럼의 결측값을 적절한 값으로 채우거나, 불필요한 행은 제거하는 것을 고려하세요."
값 완전성,WN_918,결측 1 / 100,"해당 컬럼의 결측값을 적절한 값으로 채우거나, 불필요한 행은 제거하는 것을 고려하세요."
값 완전성,WN_920,결측 1 / 100,"해당 컬럼의 결측값을 적절한 값으로 채우거나, 불필요한 행은 제거하는 것을 고려하세요."
값 완전성,WN_922,결측 1 / 100,"해당 컬럼의 결측값을 적절한 값으로 채우거나, 불필요한 행은 제거하는 것을 고려하세요."
값 완전성,WN_924,결측 1 / 100,"해당 컬럼의 결측값을 적절한 값으로 채우거나, 불필요한 행은 제거하는 것을 고려하세요."
값 완전성,WN_926,결측 1 / 100,"해당 컬럼의 결측값을 적절한 값으로 채우거나, 불필요한 행은 제거하는 것을 고려하세요."
값 완전성,WN_928,결측 1 / 100,"해당 컬럼의 결측값을 적절한 값으로 채우거나, 불필요한 행은 제거하는 것을 고려하세요."
값 완전성,WN_930,결측 1 / 100,"해당 컬럼의 결측값을 적절한 값으로 채우거나, 불필요한 행은 제거하는 것을 고려하세요."
값 완전성,WN_932,결측 1 / 100,"해당 컬럼의 결측값을 적절한 값으로 채우거나, 불필요한 행은 제거하는 것을 고려하세요."
값 완전성,WN_934,결측 1 / 100,"해당 컬럼의 결측값을 적절한 값으로 채우거나, 불필요한 행은 제거하는 것을 고려하세요."
값 완전성,WN_936,결측 1 / 100,"해당 컬럼의 결측값을 적절한 값으로 채우거나, 불필요한 행은 제거하는 것을 고려하세요."
값 완전성,WN_938,결측 1 / 100,"해당 컬럼의 결측값을 적절한 값으로 채우거나, 불필요한 행은 제거하는 것을 고려하세요."
값 완전성,WN_940,결측 1 / 100,"해당 컬럼의 결측값을 적절한 값으로 채우거나, 불필요한 행은 제거하는 것을 고려하세요."
값 완전성,WN_942,결측 1 / 100,"해당 컬럼의 결측값을 적절한 값으로 채우거나, 불필요한 행은 제거하는 것을 고려하세요."
값 완전성,WN_944,결측 1 / 100,"해당 컬럼의 결측값을 적절한 값으로 채우거나, 불필요한 행은 제거하는 것을 고려하세요."
값 완전성,WN_946,결측 1 / 100,"해당 컬럼의 결측값을 적절한 값으로 채우거나, 불필요한 행은 제거하는 것을 고려하세요."
값 완전성,WN_948,결측 1 / 100,"해당 컬럼의 결측값을 적절한 값으로 채우거나, 불필요한 행은 제거하는 것을 고려하세요."
값 완전성,WN_950,결측 1 / 100,"해당 컬럼의 결측값을 적절한 값으로 채우거나, 불필요한 행은 제거하는 것을 고려하세요."
값 완전성,WN_952,결측 1 / 100,"해당 컬럼의 결측값을 적절한 값으로 채우거나, 불필요한 행은 제거하는 것을 고려하세요."
값 완전성,WN_954,결측 1 / 100,"해당 컬럼의 결측값을 적절한 값으로 채우거나, 불필요한 행은 제거하는 것을 고려하세요."
값 완전성,WN_956,결측 1 / 100,"해당 컬럼의 결측값을 적절한 값으로 채우거나, 불필요한 행은 제거하는 것을 고려하세요."
값 완전성,WN_958,결측 1 / 100,"해당 컬럼의 결측값을 적절한 값으로 채우거나, 불필요한 행은 제거하는 것을 고려하세요."
값 완전성,WN_960,결측 1 / 100,"해당 컬럼의 결측값을 적절한 값으로 채우거나, 불필요한 행은 제거하는 것을 고려하세요."
값 완전성,WN_962,결측 1 / 100,"해당 컬럼의 결측값을 적절한 값으로 채우거나, 불필요한 행은 제거하는 것을 고려하세요."
값 완전성,WN_964,결측 1 / 100,"해당 컬럼의 결측값을 적절한 값으로 채우거나, 불필요한 행은 제거하는 것을 고려하세요."
값 완전성,WN_966,결측 1 / 100,"해당 컬럼의 결측값을 적절한 값으로 채우거나, 불필요한 행은 제거하는 것을 고려하세요."
값 완전성,WN_968,결측 1 / 100,"해당 컬럼의 결측값을 적절한 값으로 채우거나, 불필요한 행은 제거하는 것을 고려하세요."
값 완전성,WN_970,결측 1 / 100,"해당 컬럼의 결측값을 적절한 값으로 채우거나, 불필요한 행은 제거하는 것을 고려하세요."
값 완전성,WN_972,결측 1 / 100,"해당 컬럼의 결측값을 적절한 값으로 채우거나, 불필요한 행은 제거하는 것을 고려하세요."
값 완전성,WN_974,결측 1 / 100,"해당 컬럼의 결측값을 적절한 값으로 채우거나, 불필요한 행은 제거하는 것을 고려하세요."
값 완전성,WN_976,결측 1 / 100,"해당 컬럼의 결측값을 적절한 값으로 채우거나, 불필요한 행은 제거하는 것을 고려하세요."
값 완전성,WN_978,결측 1 / 100,"해당 컬럼의 결측값을 적절한 값으로 채우거나, 불필요한 행은 제거하는 것을 고려하세요."
값 완전성,WN_980,결측 1 / 100,"해당 컬럼의 결측값을 적절한 값으로 채우거나, 불필요한 행은 제거하는 것을 고려하세요."
값 완전성,WN_982,결측 1 / 100,"해당 컬럼의 결측값을 적절한 값으로 채우거나, 불필요한 행은 제거하는 것을 고려하세요."
값 완전성,WN_984,결측 1 / 100,"해당 컬럼의 결측값을 적절한 값으로 채우거나, 불필요한 행은 제거하는 것을 고려하세요."
값 완전성,WN_986,결측 1 / 100,"해당 컬럼의 결측값을 적절한 값으로 채우거나, 불필요한 행은 제거하는 것을 고려하세요."
값 완전성,WN_988,결측 1 / 100,"해당 컬럼의 결측값을 적절한 값으로 채우거나, 불필요한 행은 제거하는 것을 고려하세요."
값 완전성,WN_990,결측 1 / 100,"해당 컬럼의 결측값을 적절한 값으로 채우거나, 불필요한 행은 제거하는 것을 고려하세요."
값 완전성,WN_992,결측 1 / 100,"해당 컬럼의 결측값을 적절한 값으로 채우거나, 불필요한 행은 제거하는 것을 고려하세요."
값 완전성,WN_994,결측 1 / 100,"해당 컬럼의 결측값을 적절한 값으로 채우거나, 불필요한 행은 제거하는 것을 고려하세요."
값 완전성,WN_996,결측 1 / 100,"해당 컬럼의 결측값을 적절한 값으로 채우거나, 불필요한 행은 제거하는 것을 고려하세요."
값 완전성,WN_998,결측 1 / 100,"해당 컬럼의 결측값을 적절한 값으로 채우거나, 불필요한 행은 제거하는 것을 고려하세요."
값 완전성,WN_1000,결측 1 / 100,"해당 컬럼의 결측값을 적절한 값으로 채우거나, 불필요한 행은 제거하는 것을 고려하세요."
값 완전성,WN_1002,결측 1 / 100,"해당 컬럼의 결측값을 적절한 값으로 채우거나, 불필요한 행은 제거하는 것을 고려하세요."
값 완전성,WN_1004,결측 1 / 100,"해당 컬럼의 결측값을 적절한 값으로 채우거나, 불필요한 행은 제거하는 것을 고려하세요."
값 완전성,WN_1006,결측 1 / 100,"해당 컬럼의 결측값을 적절한 값으로 채우거나, 불필요한 행은 제거하는 것을 고려하세요."
값 완전성,WN_1008,결측 1 / 100,"해당 컬럼의 결측값을 적절한 값으로 채우거나, 불필요한 행은 제거하는 것을 고려하세요."
값 완전성,WN_1010,결측 1 / 100,"해당 컬럼의 결측값을 적절한 값으로 채우거나, 불필요한 행은 제거하는 것을 고려하세요."
값 완전성,WN_1012,결측 1 / 100,"해당 컬럼의 결측값을 적절한 값으로 채우거나, 불필요한 행은 제거하는 것을 고려하세요."
값 완전성,WN_1014,결측 1 / 100,"해당 컬럼의 결측값을 적절한 값으로 채우거나, 불필요한 행은 제거하는 것을 고려하세요."
값 완전성,WN_1016,결측 1 / 100,"해당 컬럼의 결측값을 적절한 값으로 채우거나, 불필요한 행은 제거하는 것을 고려하세요."
값 완전성,WN_1018,결측 1 / 100,"해당 컬럼의 결측값을 적절한 값으로 채우거나, 불필요한 행은 제거하는 것을 고려하세요."
값 완전성,WN_1020,결측 1 / 100,"해당 컬럼의 결측값을 적절한 값으로 채우거나, 불필요한 행은 제거하는 것을 고려하세요."
값 완전성,WN_1022,결측 1 / 100,"해당 컬럼의 결측값을 적절한 값으로 채우거나, 불필요한 행은 제거하는 것을 고려하세요."
값 완전성,WN_1024,결측 1 / 100,"해당 컬럼의 결측값을 적절한 값으로 채우거나, 불필요한 행은 제거하는 것을 고려하세요."
값 완전성,WN_1026,결측 1 / 100,"해당 컬럼의 결측값을 적절한 값으로 채우거나, 불필요한 행은 제거하는 것을 고려하세요."
값 완전성,WN_1028,결측 1 / 100,"해당 컬럼의 결측값을 적절한 값으로 채우거나, 불필요한 행은 제거하는 것을 고려하세요."
값 완전성,WN_1030,결측 1 / 100,"해당 컬럼의 결측값을 적절한 값으로 채우거나, 불필요한 행은 제거하는 것을 고려하세요."
값 완전성,WN_1032,결측 1 / 100,"해당 컬럼의 결측값을 적절한 값으로 채우거나, 불필요한 행은 제거하는 것을 고려하세요."
값 완전성,WN_1034,결측 1 / 100,"해당 컬럼의 결측값을 적절한 값으로 채우거나, 불필요한 행은 제거하는 것을 고려하세요."
값 완전성,WN_1036,결측 1 / 100,"해당 컬럼의 결측값을 적절한 값으로 채우거나, 불필요한 행은 제거하는 것을 고려하세요."
값 완전성,WN_1038,결측 1 / 100,"해당 컬럼의 결측값을 적절한 값으로 채우거나, 불필요한 행은 제거하는 것을 고려하세요."
값 완전성,WN_1040,결측 1 / 100,"해당 컬럼의 결측값을 적절한 값으로 채우거나, 불필요한 행은 제거하는 것을 고려하세요."
값 완전성,WN_1042,결측 1 / 100,"해당 컬럼의 결측값을 적절한 값으로 채우거나, 불필요한 행은 제거하는 것을 고려하세요."
값 완전성,WN_1044,결측 1 / 100,"해당 컬럼의 결측값을 적절한 값으로 채우거나, 불필요한 행은 제거하는 것을 고려하세요."
값 완전성,WN_1046,결측 1 / 100,"해당 컬럼의 결측값을 적절한 값으로 채우거나, 불필요한 행은 제거하는 것을 고려하세요."
값 완전성,WN_1048,결측 1 / 100,"해당 컬럼의 결측값을 적절한 값으로 채우거나, 불필요한 행은 제거하는 것을 고려하세요."
값 완전성,WN_1050,결측 1 / 100,"해당 컬럼의 결측값을 적절한 값으로 채우거나, 불필요한 행은 제거하는 것을 고려하세요."
값 완전성,WN_1052,결측 1 / 100,"해당 컬럼의 결측값을 적절한 값으로 채우거나, 불필요한 행은 제거하는 것을 고려하세요."
값 완전성,WN_1054,결측 1 / 100,"해당 컬럼의 결측값을 적절한 값으로 채우거나, 불필요한 행은 제거하는 것을 고려하세요."
값 완전성,WN_1056,결측 1 / 100,"해당 컬럼의 결측값을 적절한 값으로 채우거나, 불필요한 행은 제거하는 것을 고려하세요."
값 완전성,WN_1058,결측 1 / 100,"해당 컬럼의 결측값을 적절한 값으로 채우거나, 불필요한 행은 제거하는 것을 고려하세요."
값 완전성,WN_1060,결측 1 / 100,"해당 컬럼의 결측값을 적절한 값으로 채우거나, 불필요한 행은 제거하는 것을 고려하세요."
값 완전성,WN_1062,결측 1 / 100,"해당 컬럼의 결측값을 적절한 값으로 채우거나, 불필요한 행은 제거하는 것을 고려하세요."
값 완전성,WN_1064,결측 1 / 100,"해당 컬럼의 결측값을 적절한 값으로 채우거나, 불필요한 행은 제거하는 것을 고려하세요."
값 완전성,WN_1066,결측 1 / 100,"해당 컬럼의 결측값을 적절한 값으로 채우거나, 불필요한 행은 제거하는 것을 고려하세요."
값 완전성,WN_1068,결측 1 / 100,"해당 컬럼의 결측값을 적절한 값으로 채우거나, 불필요한 행은 제거하는 것을 고려하세요."
값 완전성,WN_1070,결측 1 / 100,"해당 컬럼의 결측값을 적절한 값으로 채우거나, 불필요한 행은 제거하는 것을 고려하세요."
값 완전성,WN_1072,결측 1 / 100,"해당 컬럼의 결측값을 적절한 값으로 채우거나, 불필요한 행은 제거하는 것을 고려하세요."
값 완전성,WN_1074,결측 1 / 100,"해당 컬럼의 결측값을 적절한 값으로 채우거나, 불필요한 행은 제거하는 것을 고려하세요."
값 완전성,WN_1076,결측 1 / 100,"해당 컬럼의 결측값을 적절한 값으로 채우거나, 불필요한 행은 제거하는 것을 고려하세요."
값 완전성,WN_1078,결측 1 / 100,"해당 컬럼의 결측값을 적절한 값으로 채우거나, 불필요한 행은 제거하는 것을 고려하세요."
값 완전성,WN_1080,결측 1 / 100,"해당 컬럼의 결측값을 적절한 값으로 채우거나, 불필요한 행은 제거하는 것을 고려하세요."
값 완전성,WN_1082,결측 1 / 100,"해당 컬럼의 결측값을 적절한 값으로 채우거나, 불필요한 행은 제거하는 것을 고려하세요."
값 완전성,WN_1084,결측 1 / 100,"해당 컬럼의 결측값을 적절한 값으로 채우거나, 불필요한 행은 제거하는 것을 고려하세요."
값 완전성,WN_1086,결측 1 / 100,"해당 컬럼의 결측값을 적절한 값으로 채우거나, 불필요한 행은 제거하는 것을 고려하세요."
값 완전성,WN_1088,결측 1 / 100,"해당 컬럼의 결측값을 적절한 값으로 채우거나, 불필요한 행은 제거하는 것을 고려하세요."
값 완전성,WN_1090,결측 1 / 100,"해당 컬럼의 결측값을 적절한 값으로 채우거나, 불필요한 행은 제거하는 것을 고려하세요."
값 완전성,WN_1092,결측 1 / 100,"해당 컬럼의 결측값을 적절한 값으로 채우거나, 불필요한 행은 제거하는 것을 고려하세요."
값 완전성,WN_1094,결측 1 / 100,"해당 컬럼의 결측값을 적절한 값으로 채우거나, 불필요한 행은 제거하는 것을 고려하세요."
값 완전성,WN_1096,결측 1 / 100,"해당 컬럼의 결측값을 적절한 값으로 채우거나, 불필요한 행은 제거하는 것을 고려하세요."
값 완전성,WN_1098,결측 1 / 100,"해당 컬럼의 결측값을 적절한 값으로 채우거나, 불필요한 행은 제거하는 것을 고려하세요."
값 완전성,WN_1100,결측 1 / 100,"해당 컬럼의 결측값을 적절한 값으로 채우거나, 불필요한 행은 제거하는 것을 고려하세요."
값 완전성,WN_1102,결측 1 / 100,"해당 컬럼의 결측값을 적절한 값으로 채우거나, 불필요한 행은 제거하는 것을 고려하세요."
값 완전성,WN_1104,결측 1 / 100,"해당 컬럼의 결측값을 적절한 값으로 채우거나, 불필요한 행은 제거하는 것을 고려하세요."
값 완전성,WN_1106,결측 1 / 100,"해당 컬럼의 결측값을 적절한 값으로 채우거나, 불필요한 행은 제거하는 것을 고려하세요."
값 완전성,WN_1108,결측 1 / 100,"해당 컬럼의 결측값을 적절한 값으로 채우거나, 불필요한 행은 제거하는 것을 고려하세요."
값 완전성,WN_1110,결측 1 / 100,"해당 컬럼의 결측값을 적절한 값으로 채우거나, 불필요한 행은 제거하는 것을 고려하세요."
값 완전성,WN_1112,결측 1 / 100,"해당 컬럼의 결측값을 적절한 값으로 채우거나, 불필요한 행은 제거하는 것을 고려하세요."
값 완전성,WN_1114,결측 1 / 100,"해당 컬럼의 결측값을 적절한 값으로 채우거나, 불필요한 행은 제거하는 것을 고려하세요."
값 완전성,WN_1116,결측 1 / 100,"해당 컬럼의 결측값을 적절한 값으로 채우거나, 불필요한 행은 제거하는 것을 고려하세요."
값 완전성,WN_1118,결측 1 / 100,"해당 컬럼의 결측값을 적절한 값으로 채우거나, 불필요한 행은 제거하는 것을 고려하세요."
값 완전성,WN_1120,결측 1 / 100,"해당 컬럼의 결측값을 적절한 값으로 채우거나, 불필요한 행은 제거하는 것을 고려하세요."
값 완전성,WN_1122,결측 1 / 100,"해당 컬럼의 결측값을 적절한 값으로 채우거나, 불필요한 행은 제거하는 것을 고려하세요."
값 완전성,WN_1124,결측 1 / 100,"해당 컬럼의 결측값을 적절한 값으로 채우거나, 불필요한 행은 제거하는 것을 고려하세요."
값 완전성,WN_1126,결측 1 / 100,"해당 컬럼의 결측값을 적절한 값으로 채우거나, 불필요한 행은 제거하는 것을 고려하세요."
값 완전성,WN_1128,결측 1 / 100,"해당 컬럼의 결측값을 적절한 값으로 채우거나, 불필요한 행은 제거하는 것을 고려하세요."
값 완전성,WN_1130,결측 1 / 100,"해당 컬럼의 결측값을 적절한 값으로 채우거나, 불필요한 행은 제거하는 것을 고려하세요."
값 완전성,WN_1132,결측 1 / 100,"해당 컬럼의 결측값을 적절한 값으로 채우거나, 불필요한 행은 제거하는 것을 고려하세요."
값 완전성,WN_1134,결측 1 / 100,"해당 컬럼의 결측값을 적절한 값으로 채우거나, 불필요한 행은 제거하는 것을 고려하세요."
값 완전성,WN_1136,결측 1 / 100,"해당 컬럼의 결측값을 적절한 값으로 채우거나, 불필요한 행은 제거하는 것을 고려하세요."
값 완전성,WN_1138,결측 1 / 100,"해당 컬럼의 결측값을 적절한 값으로 채우거나, 불필요한 행은 제거하는 것을 고려하세요."
값 완전성,WN_1140,결측 1 / 100,"해당 컬럼의 결측값을 적절한 값으로 채우거나, 불필요한 행은 제거하는 것을 고려하세요."
값 완전성,WN_1142,결측 1 / 100,"해당 컬럼의 결측값을 적절한 값으로 채우거나, 불필요한 행은 제거하는 것을 고려하세요."
값 완전성,WN_1144,결측 1 / 100,"해당 컬럼의 결측값을 적절한 값으로 채우거나, 불필요한 행은 제거하는 것을 고려하세요."
값 완전성,WN_1146,결측 1 / 100,"해당 컬럼의 결측값을 적절한 값으로 채우거나, 불필요한 행은 제거하는 것을 고려하세요."
값 완전성,WN_1148,결측 1 / 100,"해당 컬럼의 결측값을 적절한 값으로 채우거나, 불필요한 행은 제거하는 것을 고려하세요."
값 완전성,WN_1150,결측 1 / 100,"해당 컬럼의 결측값을 적절한 값으로 채우거나, 불필요한 행은 제거하는 것을 고려하세요."
값 완전성,WN_1152,결측 1 / 100,"해당 컬럼의 결측값을 적절한 값으로 채우거나, 불필요한 행은 제거하는 것을 고려하세요."
값 완전성,WN_1154,결측 1 / 100,"해당 컬럼의 결측값을 적절한 값으로 채우거나, 불필요한 행은 제거하는 것을 고려하세요."
값 완전성,WN_1156,결측 1 / 100,"해당 컬럼의 결측값을 적절한 값으로 채우거나, 불필요한 행은 제거하는 것을 고려하세요."
값 완전성,WN_1158,결측 1 / 100,"해당 컬럼의 결측값을 적절한 값으로 채우거나, 불필요한 행은 제거하는 것을 고려하세요."
값 완전성,WN_1160,결측 1 / 100,"해당 컬럼의 결측값을 적절한 값으로 채우거나, 불필요한 행은 제거하는 것을 고려하세요."
값 완전성,WN_1162,결측 1 / 100,"해당 컬럼의 결측값을 적절한 값으로 채우거나, 불필요한 행은 제거하는 것을 고려하세요."
값 완전성,WN_1164,결측 1 / 100,"해당 컬럼의 결측값을 적절한 값으로 채우거나, 불필요한 행은 제거하는 것을 고려하세요."
값 완전성,WN_1166,결측 1 / 100,"해당 컬럼의 결측값을 적절한 값으로 채우거나, 불필요한 행은 제거하는 것을 고려하세요."
값 완전성,WN_1168,결측 1 / 100,"해당 컬럼의 결측값을 적절한 값으로 채우거나, 불필요한 행은 제거하는 것을 고려하세요."
값 완전성,WN_1170,결측 1 / 100,"해당 컬럼의 결측값을 적절한 값으로 채우거나, 불필요한 행은 제거하는 것을 고려하세요."
값 완전성,WN_1172,결측 1 / 100,"해당 컬럼의 결측값을 적절한 값으로 채우거나, 불필요한 행은 제거하는 것을 고려하세요."
값 완전성,WN_1174,결측 1 / 100,"해당 컬럼의 결측값을 적절한 값으로 채우거나, 불필요한 행은 제거하는 것을 고려하세요."
값 완전성,WN_1176,결측 1 / 100,"해당 컬럼의 결측값을 적절한 값으로 채우거나, 불필요한 행은 제거하는 것을 고려하세요."
값 완전성,WN_1178,결측 1 / 100,"해당 컬럼의 결측값을 적절한 값으로 채우거나, 불필요한 행은 제거하는 것을 고려하세요."
값 완전성,WN_1180,결측 1 / 100,"해당 컬럼의 결측값을 적절한 값으로 채우거나, 불필요한 행은 제거하는 것을 고려하세요."
값 완전성,WN_1182,결측 1 / 100,"해당 컬럼의 결측값을 적절한 값으로 채우거나, 불필요한 행은 제거하는 것을 고려하세요."
값 완전성,WN_1184,결측 1 / 100,"해당 컬럼의 결측값을 적절한 값으로 채우거나, 불필요한 행은 제거하는 것을 고려하세요."
값 완전성,WN_1186,결측 1 / 100,"해당 컬럼의 결측값을 적절한 값으로 채우거나, 불필요한 행은 제거하는 것을 고려하세요."
값 완전성,WN_1188,결측 1 / 100,"해당 컬럼의 결측값을 적절한 값으로 채우거나, 불필요한 행은 제거하는 것을 고려하세요."
값 완전성,WN_1190,결측 1 / 100,"해당 컬럼의 결측값을 적절한 값으로 채우거나, 불필요한 행은 제거하는 것을 고려하세요."
값 완전성,WN_1192,결측 1 / 100,"해당 컬럼의 결측값을 적절한 값으로 채우거나, 불필요한 행은 제거하는 것을 고려하세요."
값 완전성,WN_1194,결측 1 / 100,"해당 컬럼의 결측값을 적절한 값으로 채우거나, 불필요한 행은 제거하는 것을 고려하세요."
값 완전성,WN_1196,결측 1 / 100,"해당 컬럼의 결측값을 적절한 값으로 채우거나, 불필요한 행은 제거하는 것을 고려하세요."
값 완전성,WN_1198,결측 1 / 100,"해당 컬럼의 결측값을 적절한 값으로 채우거나, 불필요한 행은 제거하는 것을 고려하세요."
값 완전성,WN_1200,결측 1 / 100,"해당 컬럼의 결측값을 적절한 값으로 채우거나, 불필요한 행은 제거하는 것을 고려하세요."
값 완전성,WN_1202,결측 1 / 100,"해당 컬럼의 결측값을 적절한 값으로 채우거나, 불필요한 행은 제거하는 것을 고려하세요."
값 완전성,WN_1204,결측 1 / 100,"해당 컬럼의 결측값을 적절한 값으로 채우거나, 불필요한 행은 제거하는 것을 고려하세요."
값 완전성,WN_1206,결측 1 / 100,"해당 컬럼의 결측값을 적절한 값으로 채우거나, 불필요한 행은 제거하는 것을 고려하세요."
값 완전성,WN_1208,결측 1 / 100,"해당 컬럼의 결측값을 적절한 값으로 채우거나, 불필요한 행은 제거하는 것을 고려하세요."
값 완전성,WN_1210,결측 1 / 100,"해당 컬럼의 결측값을 적절한 값으로 채우거나, 불필요한 행은 제거하는 것을 고려하세요."
값 완전성,WN_1212,결측 1 / 100,"해당 컬럼의 결측값을 적절한 값으로 채우거나, 불필요한 행은 제거하는 것을 고려하세요."
값 완전성,WN_1214,결측 1 / 100,"해당 컬럼의 결측값을 적절한 값으로 채우거나, 불필요한 행은 제거하는 것을 고려하세요."
값 완전성,WN_1216,결측 1 / 100,"해당 컬럼의 결측값을 적절한 값으로 채우거나, 불필요한 행은 제거하는 것을 고려하세요."
값 완전성,WN_1218,결측 1 / 100,"해당 컬럼의 결측값을 적절한 값으로 채우거나, 불필요한 행은 제거하는 것을 고려하세요."
값 완전성,WN_1220,결측 1 / 100,"해당 컬럼의 결측값을 적절한 값으로 채우거나, 불필요한 행은 제거하는 것을 고려하세요."
값 완전성,WN_1222,결측 1 / 100,"해당 컬럼의 결측값을 적절한 값으로 채우거나, 불필요한 행은 제거하는 것을 고려하세요."
값 완전성,WN_1224,결측 1 / 100,"해당 컬럼의 결측값을 적절한 값으로 채우거나, 불필요한 행은 제거하는 것을 고려하세요."
값 완전성,WN_1226,결측 1 / 100,"해당 컬럼의 결측값을 적절한 값으로 채우거나, 불필요한 행은 제거하는 것을 고려하세요."
값 완전성,WN_1228,결측 1 / 100,"해당 컬럼의 결측값을 적절한 값으로 채우거나, 불필요한 행은 제거하는 것을 고려하세요."
값 완전성,WN_1230,결측 1 / 100,"해당 컬럼의 결측값을 적절한 값으로 채우거나, 불필요한 행은 제거하는 것을 고려하세요."
값 완전성,WN_1232,결측 1 / 100,"해당 컬럼의 결측값을 적절한 값으로 채우거나, 불필요한 행은 제거하는 것을 고려하세요."
값 완전성,WN_1234,결측 1 / 100,"해당 컬럼의 결측값을 적절한 값으로 채우거나, 불필요한 행은 제거하는 것을 고려하세요."
값 완전성,WN_1236,결측 1 / 100,"해당 컬럼의 결측값을 적절한 값으로 채우거나, 불필요한 행은 제거하는 것을 고려하세요."
값 완전성,WN_1238,결측 1 / 100,"해당 컬럼의 결측값을 적절한 값으로 채우거나, 불필요한 행은 제거하는 것을 고려하세요."
값 완전성,WN_1240,결측 1 / 100,"해당 컬럼의 결측값을 적절한 값으로 채우거나, 불필요한 행은 제거하는 것을 고려하세요."
값 완전성,WN_1242,결측 1 / 100,"해당 컬럼의 결측값을 적절한 값으로 채우거나, 불필요한 행은 제거하는 것을 고려하세요."
값 완전성,WN_1244,결측 1 / 100,"해당 컬럼의 결측값을 적절한 값으로 채우거나, 불필요한 행은 제거하는 것을 고려하세요."
값 완전성,WN_1246,결측 1 / 100,"해당 컬럼의 결측값을 적절한 값으로 채우거나, 불필요한 행은 제거하는 것을 고려하세요."
값 완전성,WN_1248,결측 1 / 100,"해당 컬럼의 결측값을 적절한 값으로 채우거나, 불필요한 행은 제거하는 것을 고려하세요."
값 완전성,WN_1250,결측 1 / 100,"해당 컬럼의 결측값을 적절한 값으로 채우거나, 불필요한 행은 제거하는 것을 고려하세요."
값 완전성,WN_1252,결측 1 / 100,"해당 컬럼의 결측값을 적절한 값으로 채우거나, 불필요한 행은 제거하는 것을 고려하세요."
값 완전성,WN_1254,결측 1 / 100,"해당 컬럼의 결측값을 적절한 값으로 채우거나, 불필요한 행은 제거하는 것을 고려하세요."
값 완전성,WN_1256,결측 1 / 100,"해당 컬럼의 결측값을 적절한 값으로 채우거나, 불필요한 행은 제거하는 것을 고려하세요."
값 완전성,WN_1258,결측 1 / 100,"해당 컬럼의 결측값을 적절한 값으로 채우거나, 불필요한 행은 제거하는 것을 고려하세요."
값 완전성,WN_1260,결측 1 / 100,"해당 컬럼의 결측값을 적절한 값으로 채우거나, 불필요한 행은 제거하는 것을 고려하세요."
값 완전성,WN_1262,결측 1 / 100,"해당 컬럼의 결측값을 적절한 값으로 채우거나, 불필요한 행은 제거하는 것을 고려하세요."
값 완전성,WN_1264,결측 1 / 100,"해당 컬럼의 결측값을 적절한 값으로 채우거나, 불필요한 행은 제거하는 것을 고려하세요."
값 완전성,WN_1266,결측 1 / 100,"해당 컬럼의 결측값을 적절한 값으로 채우거나, 불필요한 행은 제거하는 것을 고려하세요."
값 완전성,WN_1268,결측 1 / 100,"해당 컬럼의 결측값을 적절한 값으로 채우거나, 불필요한 행은 제거하는 것을 고려하세요."
값 완전성,WN_1270,결측 1 / 100,"해당 컬럼의 결측값을 적절한 값으로 채우거나, 불필요한 행은 제거하는 것을 고려하세요."
값 완전성,WN_1272,결측 1 / 100,"해당 컬럼의 결측값을 적절한 값으로 채우거나, 불필요한 행은 제거하는 것을 고려하세요."
값 완전성,WN_1274,결측 1 / 100,"해당 컬럼의 결측값을 적절한 값으로 채우거나, 불필요한 행은 제거하는 것을 고려하세요."
값 완전성,WN_1276,결측 1 / 100,"해당 컬럼의 결측값을 적절한 값으로 채우거나, 불필요한 행은 제거하는 것을 고려하세요."
값 완전성,WN_1278,결측 1 / 100,"해당 컬럼의 결측값을 적절한 값으로 채우거나, 불필요한 행은 제거하는 것을 고려하세요."
값 완전성,WN_1280,결측 1 / 100,"해당 컬럼의 결측값을 적절한 값으로 채우거나, 불필요한 행은 제거하는 것을 고려하세요."
값 완전성,WN_1282,결측 1 / 100,"해당 컬럼의 결측값을 적절한 값으로 채우거나, 불필요한 행은 제거하는 것을 고려하세요."
값 완전성,WN_1284,결측 1 / 100,"해당 컬럼의 결측값을 적절한 값으로 채우거나, 불필요한 행은 제거하는 것을 고려하세요."
값 완전성,WN_1286,결측 1 / 100,"해당 컬럼의 결측값을 적절한 값으로 채우거나, 불필요한 행은 제거하는 것을 고려하세요."
값 완전성,WN_1288,결측 1 / 100,"해당 컬럼의 결측값을 적절한 값으로 채우거나, 불필요한 행은 제거하는 것을 고려하세요."
값 완전성,WN_1290,결측 1 / 100,"해당 컬럼의 결측값을 적절한 값으로 채우거나, 불필요한 행은 제거하는 것을 고려하세요."
값 완전성,WN_1292,결측 1 / 100,"해당 컬럼의 결측값을 적절한 값으로 채우거나, 불필요한 행은 제거하는 것을 고려하세요."
값 완전성,WN_1294,결측 1 / 100,"해당 컬럼의 결측값을 적절한 값으로 채우거나, 불필요한 행은 제거하는 것을 고려하세요."
값 완전성,WN_1296,결측 1 / 100,"해당 컬럼의 결측값을 적절한 값으로 채우거나, 불필요한 행은 제거하는 것을 고려하세요."
값 완전성,WN_1298,결측 1 / 100,"해당 컬럼의 결측값을 적절한 값으로 채우거나, 불필요한 행은 제거하는 것을 고려하세요."
값 완전성,WN_1300,결측 1 / 100,"해당 컬럼의 결측값을 적절한 값으로 채우거나, 불필요한 행은 제거하는 것을 고려하세요."
값 완전성,WN_1302,결측 1 / 100,"해당 컬럼의 결측값을 적절한 값으로 채우거나, 불필요한 행은 제거하는 것을 고려하세요."
값 완전성,WN_1304,결측 1 / 100,"해당 컬럼의 결측값을 적절한 값으로 채우거나, 불필요한 행은 제거하는 것을 고려하세요."
값 완전성,WN_1306,결측 1 / 100,"해당 컬럼의 결측값을 적절한 값으로 채우거나, 불필요한 행은 제거하는 것을 고려하세요."
값 완전성,WN_1308,결측 1 / 100,"해당 컬럼의 결측값을 적절한 값으로 채우거나, 불필요한 행은 제거하는 것을 고려하세요."
값 완전성,WN_1310,결측 1 / 100,"해당 컬럼의 결측값을 적절한 값으로 채우거나, 불필요한 행은 제거하는 것을 고려하세요."
값 완전성,WN_1312,결측 1 / 100,"해당 컬럼의 결측값을 적절한 값으로 채우거나, 불필요한 행은 제거하는 것을 고려하세요."
값 완전성,WN_1314,결측 1 / 100,"해당 컬럼의 결측값을 적절한 값으로 채우거나, 불필요한 행은 제거하는 것을 고려하세요."
값 완전성,WN_1316,결측 1 / 100,"해당 컬럼의 결측값을 적절한 값으로 채우거나, 불필요한 행은 제거하는 것을 고려하세요."
값 완전성,WN_1318,결측 1 / 100,"해당 컬럼의 결측값을 적절한 값으로 채우거나, 불필요한 행은 제거하는 것을 고려하세요."
값 완전성,WN_1320,결측 1 / 100,"해당 컬럼의 결측값을 적절한 값으로 채우거나, 불필요한 행은 제거하는 것을 고려하세요."
값 완전성,WN_1322,결측 1 / 100,"해당 컬럼의 결측값을 적절한 값으로 채우거나, 불필요한 행은 제거하는 것을 고려하세요."
값 완전성,WN_1324,결측 1 / 100,"해당 컬럼의 결측값을 적절한 값으로 채우거나, 불필요한 행은 제거하는 것을 고려하세요."
값 완전성,WN_1326,결측 1 / 100,"해당 컬럼의 결측값을 적절한 값으로 채우거나, 불필요한 행은 제거하는 것을 고려하세요."
값 완전성,WN_1328,결측 1 / 100,"해당 컬럼의 결측값을 적절한 값으로 채우거나, 불필요한 행은 제거하는 것을 고려하세요."
값 완전성,WN_1330,결측 1 / 100,"해당 컬럼의 결측값을 적절한 값으로 채우거나, 불필요한 행은 제거하는 것을 고려하세요."
값 완전성,WN_1332,결측 1 / 100,"해당 컬럼의 결측값을 적절한 값으로 채우거나, 불필요한 행은 제거하는 것을 고려하세요."
값 완전성,WN_1334,결측 1 / 100,"해당 컬럼의 결측값을 적절한 값으로 채우거나, 불필요한 행은 제거하는 것을 고려하세요."
값 완전성,WN_1336,결측 1 / 100,"해당 컬럼의 결측값을 적절한 값으로 채우거나, 불필요한 행은 제거하는 것을 고려하세요."
값 완전성,WN_1338,결측 1 / 100,"해당 컬럼의 결측값을 적절한 값으로 채우거나, 불필요한 행은 제거하는 것을 고려하세요."
값 완전성,WN_1340,결측 1 / 100,"해당 컬럼의 결측값을 적절한 값으로 채우거나, 불필요한 행은 제거하는 것을 고려하세요."
값 완전성,WN_1342,결측 1 / 100,"해당 컬럼의 결측값을 적절한 값으로 채우거나, 불필요한 행은 제거하는 것을 고려하세요."
값 완전성,WN_1344,결측 1 / 100,"해당 컬럼의 결측값을 적절한 값으로 채우거나, 불필요한 행은 제거하는 것을 고려하세요."
값 완전성,WN_1346,결측 1 / 100,"해당 컬럼의 결측값을 적절한 값으로 채우거나, 불필요한 행은 제거하는 것을 고려하세요."
값 완전성,WN_1348,결측 1 / 100,"해당 컬럼의 결측값을 적절한 값으로 채우거나, 불필요한 행은 제거하는 것을 고려하세요."
값 완전성,WN_1350,결측 1 / 100,"해당 컬럼의 결측값을 적절한 값으로 채우거나, 불필요한 행은 제거하는 것을 고려하세요."
값 완전성,WN_1352,결측 1 / 100,"해당 컬럼의 결측값을 적절한 값으로 채우거나, 불필요한 행은 제거하는 것을 고려하세요."
값 완전성,WN_1354,결측 1 / 100,"해당 컬럼의 결측값을 적절한 값으로 채우거나, 불필요한 행은 제거하는 것을 고려하세요."
값 완전성,WN_1356,결측 1 / 100,"해당 컬럼의 결측값을 적절한 값으로 채우거나, 불필요한 행은 제거하는 것을 고려하세요."
값 완전성,WN_1358,결측 1 / 100,"해당 컬럼의 결측값을 적절한 값으로 채우거나, 불필요한 행은 제거하는 것을 고려하세요."
값 완전성,WN_1360,결측 1 / 100,"해당 컬럼의 결측값을 적절한 값으로 채우거나, 불필요한 행은 제거하는 것을 고려하세요."
값 완전성,WN_1362,결측 1 / 100,"해당 컬럼의 결측값을 적절한 값으로 채우거나, 불필요한 행은 제거하는 것을 고려하세요."
값 완전성,WN_1364,결측 1 / 100,"해당 컬럼의 결측값을 적절한 값으로 채우거나, 불필요한 행은 제거하는 것을 고려하세요."
값 완전성,WN_1366,결측 1 / 100,"해당 컬럼의 결측값을 적절한 값으로 채우거나, 불필요한 행은 제거하는 것을 고려하세요."
값 완전성,WN_1368,결측 1 / 100,"해당 컬럼의 결측값을 적절한 값으로 채우거나, 불필요한 행은 제거하는 것을 고려하세요."
값 완전성,WN_1370,결측 1 / 100,"해당 컬럼의 결측값을 적절한 값으로 채우거나, 불필요한 행은 제거하는 것을 고려하세요."
값 완전성,WN_1372,결측 1 / 100,"해당 컬럼의 결측값을 적절한 값으로 채우거나, 불필요한 행은 제거하는 것을 고려하세요."
값 완전성,WN_1374,결측 1 / 100,"해당 컬럼의 결측값을 적절한 값으로 채우거나, 불필요한 행은 제거하는 것을 고려하세요."
값 완전성,WN_1376,결측 1 / 100,"해당 컬럼의 결측값을 적절한 값으로 채우거나, 불필요한 행은 제거하는 것을 고려하세요."
값 완전성,WN_1378,결측 1 / 100,"해당 컬럼의 결측값을 적절한 값으로 채우거나, 불필요한 행은 제거하는 것을 고려하세요."
값 완전성,WN_1380,결측 1 / 100,"해당 컬럼의 결측값을 적절한 값으로 채우거나, 불필요한 행은 제거하는 것을 고려하세요."
값 완전성,WN_1382,결측 1 / 100,"해당 컬럼의 결측값을 적절한 값으로 채우거나, 불필요한 행은 제거하는 것을 고려하세요."
값 완전성,WN_1384,결측 1 / 100,"해당 컬럼의 결측값을 적절한 값으로 채우거나, 불필요한 행은 제거하는 것을 고려하세요."
값 완전성,WN_1386,결측 1 / 100,"해당 컬럼의 결측값을 적절한 값으로 채우거나, 불필요한 행은 제거하는 것을 고려하세요."
값 완전성,WN_1388,결측 1 / 100,"해당 컬럼의 결측값을 적절한 값으로 채우거나, 불필요한 행은 제거하는 것을 고려하세요."
값 완전성,WN_1390,결측 1 / 100,"해당 컬럼의 결측값을 적절한 값으로 채우거나, 불필요한 행은 제거하는 것을 고려하세요."
값 완전성,WN_1392,결측 1 / 100,"해당 컬럼의 결측값을 적절한 값으로 채우거나, 불필요한 행은 제거하는 것을 고려하세요."
값 완전성,WN_1394,결측 1 / 100,"해당 컬럼의 결측값을 적절한 값으로 채우거나, 불필요한 행은 제거하는 것을 고려하세요."
값 완전성,WN_1396,결측 1 / 100,"해당 컬럼의 결측값을 적절한 값으로 채우거나, 불필요한 행은 제거하는 것을 고려하세요."
값 완전성,WN_1398,결측 1 / 100,"해당 컬럼의 결측값을 적절한 값으로 채우거나, 불필요한 행은 제거하는 것을 고려하세요."
값 완전성,WN_1400,결측 1 / 100,"해당 컬럼의 결측값을 적절한 값으로 채우거나, 불필요한 행은 제거하는 것을 고려하세요."
레코드 완전성,전체 행,"완전 빈 행 1개, 예시 인덱스: [36]",완전히 비어 있는 레코드는 제거하거나 필요한 데이터를 입력하는 것이 좋습니다.
의미 유효성,Chemical,"허용값 외 1개, 예시: [nan]","허용된 코드/값(valid list)을 기준으로 데이터 값을 정제하거나, 필요 시 규칙의 허용 목록을 갱신하세요."
의미 유효성,Background,"허용값 외 1개, 예시: [nan]","허용된 코드/값(valid list)을 기준으로 데이터 값을 정제하거나, 필요 시 규칙의 허용 목록을 갱신하세요."
범위 유효성,Temperature_C,"범위(-50, 50) 밖 값 5개, 예시: ['67.0', '68.0', '67.0', '65.0', '63.0']","데이터 입력 오류(단위, 오타 등)를 확인하고, 정상적인 범위로 보정하거나 잘못된 레코드를 제거하세요."
